0,0,0,0,0,0,0,0,0,0,0,0,0,0,0,0,0,0,0,0,0,0,0,0,0,0,0,0,0,0,0,0,0,0,0,0,0,0,0,0,0,0,0,0,0,0,0,0,0,0,0,0,0,0,0,0,0,0,0,0,0,0,0,0
1.30715765973577,0,0,0,0,0,0,0,0,0,0,0,0,0,0,0,0,0,0,0,0,0,0,0,0,0,0,0,0,0,0,0,0,0,0,0,0,0,0,0,0,0,0,0,0,0,0,0,0,0,0,0,0,0,0,0,0,0,0,0,0,0,0,0
1.50297534164531,-0.806681566873936,0,0,0,0,0,0,0,0,0,0,0,0,0,0,0,0,0,0,0,0,0,0,0,0,0,0,0,0,0,0,0,0,0,0,0,0,0,0,0,0,0,0,0,0,0,0,0,0,0,0,0,0,0,0,0,0,0,0,0,0,0,0
0.96398796698241,-0.595223073200814,0.281698434940182,0,0,0,0,0,0,0,0,0,0,0,0,0,0,0,0,0,0,0,0,0,0,0,0,0,0,0,0,0,0,0,0,0,0,0,0,0,0,0,0,0,0,0,0,0,0,0,0,0,0,0,0,0,0,0,0,0,0,0,0,0
-0.585918091432973,0.955007593816683,-0.64728014033837,0.801531300914944,0,0,0,0,0,0,0,0,0,0,0,0,0,0,0,0,0,0,0,0,0,0,0,0,0,0,0,0,0,0,0,0,0,0,0,0,0,0,0,0,0,0,0,0,0,0,0,0,0,0,0,0,0,0,0,0,0,0,0,0
0.238440286004291,-0.546674807291747,0.136915891228441,0.200621484256819,0.291812445382615,0,0,0,0,0,0,0,0,0,0,0,0,0,0,0,0,0,0,0,0,0,0,0,0,0,0,0,0,0,0,0,0,0,0,0,0,0,0,0,0,0,0,0,0,0,0,0,0,0,0,0,0,0,0,0,0,0,0,0
-0.000314507446248124,-0.145303840306002,0.814636096581314,0.0234487967038253,-1.41209125165882,0.392873473044367,0,0,0,0,0,0,0,0,0,0,0,0,0,0,0,0,0,0,0,0,0,0,0,0,0,0,0,0,0,0,0,0,0,0,0,0,0,0,0,0,0,0,0,0,0,0,0,0,0,0,0,0,0,0,0,0,0,0
-1.15959953425626,-0.284424360686897,0.422346471610919,0.324097738591529,-0.182582989834984,-0.298196749064534,1.12994824538536,0,0,0,0,0,0,0,0,0,0,0,0,0,0,0,0,0,0,0,0,0,0,0,0,0,0,0,0,0,0,0,0,0,0,0,0,0,0,0,0,0,0,0,0,0,0,0,0,0,0,0,0,0,0,0,0,0
-0.536760868478658,0.0648833393608999,-1.28995616793146,-0.733727573756146,1.02204861952997,0.0452213299783546,-0.525083904937293,-0.46541924091292,0,0,0,0,0,0,0,0,0,0,0,0,0,0,0,0,0,0,0,0,0,0,0,0,0,0,0,0,0,0,0,0,0,0,0,0,0,0,0,0,0,0,0,0,0,0,0,0,0,0,0,0,0,0,0,0
-1.48659735611307,-0.050697916390522,-0.12369619854191,-0.382668477517706,1.1504746412857,-0.850212363378391,0.277158153544548,-0.446837117319619,1.26165738208435,0,0,0,0,0,0,0,0,0,0,0,0,0,0,0,0,0,0,0,0,0,0,0,0,0,0,0,0,0,0,0,0,0,0,0,0,0,0,0,0,0,0,0,0,0,0,0,0,0,0,0,0,0,0,0
-0.303798435429776,0.657840669189008,-0.0884316619262042,-0.0285782697519265,0.231665462996825,0.108324513448811,-0.0817283489440667,-0.258260142654614,-0.96649456117947,0.220082566469882,0,0,0,0,0,0,0,0,0,0,0,0,0,0,0,0,0,0,0,0,0,0,0,0,0,0,0,0,0,0,0,0,0,0,0,0,0,0,0,0,0,0,0,0,0,0,0,0,0,0,0,0,0,0
1.22683253366558,-1.06390208167705,-1.54467782135852,0.98878195923642,-0.215665153928769,-0.809174258871432,-0.58437181551619,-0.437149703811984,1.86424983703048,-0.372295620410115,0.54916682851259,0,0,0,0,0,0,0,0,0,0,0,0,0,0,0,0,0,0,0,0,0,0,0,0,0,0,0,0,0,0,0,0,0,0,0,0,0,0,0,0,0,0,0,0,0,0,0,0,0,0,0,0,0
-0.15379244852844,1.58848833768489,-0.520672891601938,0.205446322945075,-0.960305746028561,-1.02957327517866,0.930718547884921,-0.759495750218705,0.0620062160798553,-0.0648810435054943,-0.239162870179817,1.73071055653696,0,0,0,0,0,0,0,0,0,0,0,0,0,0,0,0,0,0,0,0,0,0,0,0,0,0,0,0,0,0,0,0,0,0,0,0,0,0,0,0,0,0,0,0,0,0,0,0,0,0,0,0
-0.399512441806002,-1.32272695034434,0.0472271498805325,0.302824816366749,0.591381883592962,1.05735179309246,-0.333208185838515,-0.358136478384976,0.109851962260356,0.914111565963825,-0.186331370507909,-0.629181419574997,-0.0343232526281314,0,0,0,0,0,0,0,0,0,0,0,0,0,0,0,0,0,0,0,0,0,0,0,0,0,0,0,0,0,0,0,0,0,0,0,0,0,0,0,0,0,0,0,0,0,0,0,0,0,0,0
0.168665321934389,-0.332828478626621,-0.291945054772342,0.71633680493471,0.260578665084801,-0.178652566057941,0.0150011715508417,0.768100188589883,-0.161398950245753,-0.0589158267819597,0.00615880618983421,-0.134817106330547,1.64508723167034,0.970603317719556,0,0,0,0,0,0,0,0,0,0,0,0,0,0,0,0,0,0,0,0,0,0,0,0,0,0,0,0,0,0,0,0,0,0,0,0,0,0,0,0,0,0,0,0,0,0,0,0,0,0
0.459046749988336,-0.442646198001803,-0.564760462447726,-0.262085559318431,0.0484378159568147,-0.598518115646187,1.59203896204512,0.807408539609951,-0.56794476238022,-0.801906614967706,0.027091414994891,-1.49126511128677,0.515206048442568,-0.348264687789556,-0.0751370263525091,0,0,0,0,0,0,0,0,0,0,0,0,0,0,0,0,0,0,0,0,0,0,0,0,0,0,0,0,0,0,0,0,0,0,0,0,0,0,0,0,0,0,0,0,0,0,0,0,0
-1.01318544070474,-0.750733664519773,0.542454381843023,-0.0982032671864552,-0.142126985897571,0.305843737389886,0.42095261258434,0.359418182133874,0.231404865823293,0.227565096850385,-0.347871480476003,0.615282805053724,1.55699342129037,-0.00219780321662693,0.610406717251777,1.14086905214473,0,0,0,0,0,0,0,0,0,0,0,0,0,0,0,0,0,0,0,0,0,0,0,0,0,0,0,0,0,0,0,0,0,0,0,0,0,0,0,0,0,0,0,0,0,0,0,0
0.572760861181727,0.304833432728079,-0.721982291753388,-1.08897842975925,-0.187247394543185,0.76388727351928,-0.654524002664793,0.918465604847538,0.126489494187077,-0.495482978889652,1.21857838827556,-0.360580172599737,-0.858709775164514,0.562183593378035,0.307334917659456,0.539556997456964,-1.41006331999267,0,0,0,0,0,0,0,0,0,0,0,0,0,0,0,0,0,0,0,0,0,0,0,0,0,0,0,0,0,0,0,0,0,0,0,0,0,0,0,0,0,0,0,0,0,0,0
-0.145784872323423,-0.246454481125508,1.04172991323302,1.03326080092331,-1.23778016541257,0.169163212122615,-0.183973903677364,-0.365120767360357,0.855451427482594,0.0154661534787947,-0.367546170537362,0.907122325574154,1.09555333349384,0.116490852780302,-0.51724479370941,1.1688110121978,-0.700283811701426,0.559440374355975,0,0,0,0,0,0,0,0,0,0,0,0,0,0,0,0,0,0,0,0,0,0,0,0,0,0,0,0,0,0,0,0,0,0,0,0,0,0,0,0,0,0,0,0,0,0
-0.0413997132153036,0.841934349130834,-0.33635502661804,-0.874031216186653,0.286841057935348,0.630409131222332,0.0105048866723197,0.766308352168611,0.773776899736509,-0.0292176171058639,0.794265063995576,0.297824246454699,-0.192118949265085,-0.301426952110461,-0.094310045636229,-0.050702926299226,-1.79967317805585,0.968852740041233,1.33031248537909,0,0,0,0,0,0,0,0,0,0,0,0,0,0,0,0,0,0,0,0,0,0,0,0,0,0,0,0,0,0,0,0,0,0,0,0,0,0,0,0,0,0,0,0,0
1.5255693632986,1.45784976836386,-0.336420697593357,-0.345402169284391,0.258320567382256,-0.647241909652094,1.93881784057625,1.18510399927491,0.97660847451599,-1.15952940266984,0.362955791863055,-0.50589037537701,-0.147658222925825,0.18162811073638,-0.0109657753581452,-0.0591064875175348,0.188765646658903,1.45789018945907,0.28871459027884,0.855613048626896,0,0,0,0,0,0,0,0,0,0,0,0,0,0,0,0,0,0,0,0,0,0,0,0,0,0,0,0,0,0,0,0,0,0,0,0,0,0,0,0,0,0,0,0
1.34421318924917,-0.521916417708267,-1.39176593716366,0.0397894769186612,-0.14883567094008,0.657907530202196,-0.472941019476943,0.946705808509602,0.951805606513391,0.12379066429007,0.0195418588353059,-0.0751345669119708,-0.443161322041672,0.598141876986456,0.547899050516785,-0.786724661837538,-0.893716232314874,0.479735822376986,-1.99343676435462,-0.580507327418895,0.290960509427509,0,0,0,0,0,0,0,0,0,0,0,0,0,0,0,0,0,0,0,0,0,0,0,0,0,0,0,0,0,0,0,0,0,0,0,0,0,0,0,0,0,0,0
-0.182219783869191,0.285217079135111,0.309304108916674,-0.863861668865377,-0.396124746840851,0.185694691388609,0.713733796104649,0.149015206187923,0.166342450217935,-0.56482482389815,-0.0546385759573522,-0.923172921252012,-0.164037051565097,-0.717258391728259,0.511080361935489,-0.93890962219322,0.313843824152609,0.190319284929393,-0.176510106871029,-0.131254673074799,-0.35555703853645,-0.134175837467624,0,0,0,0,0,0,0,0,0,0,0,0,0,0,0,0,0,0,0,0,0,0,0,0,0,0,0,0,0,0,0,0,0,0,0,0,0,0,0,0,0,0
-0.238814848677098,-0.601381802556162,1.56741408790264,0.0373724231404054,1.4911932739773,-0.0372931913449133,-0.56250675529862,-1.29374950309256,-0.569606407711252,0.0938803783538589,-0.0676407044635408,-0.756131617313261,-0.512548851557327,-1.89985451730013,1.26116707959536,0.315597788500252,-0.348501771844103,0.64887449308006,1.54476647671254,1.05290241580975,0.736763802312283,-0.629921160182773,0.723116638931475,0,0,0,0,0,0,0,0,0,0,0,0,0,0,0,0,0,0,0,0,0,0,0,0,0,0,0,0,0,0,0,0,0,0,0,0,0,0,0,0,0
-0.247101245861805,-1.3713702533513,-0.295830194324312,-0.0807135558311107,0.204464463848519,-0.645955146202695,-0.409675634521109,-1.08048455390828,0.652001059908861,-1.58094338870779,-0.0207659504603379,0.662240636880692,0.358450383491217,-1.01198021015946,0.18426809269312,-0.240180812086631,-1.00770102610225,1.03649301858608,0.452638858360506,0.265455460752413,-0.0185474703555695,1.3298622736352,-0.150587441698823,1.06936064897326,0,0,0,0,0,0,0,0,0,0,0,0,0,0,0,0,0,0,0,0,0,0,0,0,0,0,0,0,0,0,0,0,0,0,0,0,0,0,0,0
-0.0969678856103813,-0.607147395188863,0.0138735391327992,-0.209422964680837,-1.6837307382778,-0.243466689146042,1.56595617833153,0.0721961030010779,0.807662078931514,-0.0286467520797049,0.0629111906476931,-1.3455410258638,0.930287112588013,0.213188950801335,0.386229557798958,-0.764345917347821,0.536876780799269,0.328708843784046,-1.09454561541122,0.246779539459691,0.893170740606541,1.95459490702747,0.142854157915949,-0.360859679043986,0.855117255156197,0,0,0,0,0,0,0,0,0,0,0,0,0,0,0,0,0,0,0,0,0,0,0,0,0,0,0,0,0,0,0,0,0,0,0,0,0,0,0
-0.290220450050996,0.147926932513211,1.05108312564921,-0.848010677313419,-0.0717698091575614,-0.590084506841141,-0.30674583388639,-0.150774918330032,-0.0442362636149315,-0.203141694352158,-1.13038920243472,1.67904852014748,0.15449318627576,-0.91747937115894,-1.96529254869847,-0.0167407579896957,0.580007255984991,0.277766677798282,-0.0534581567763533,0.175143798067578,-0.465287449223695,-0.732039384620423,1.0685056197747,0.988510692969665,1.12600516271983,-0.153793009679675,0,0,0,0,0,0,0,0,0,0,0,0,0,0,0,0,0,0,0,0,0,0,0,0,0,0,0,0,0,0,0,0,0,0,0,0,0,0
0.162270375349576,0.398732341131069,0.73784864324765,0.0718350382892054,1.22887407693576,0.259103550281422,-1.45492520261287,-1.30199363413753,-0.378029965218579,0.650490674297886,-0.409488608843513,0.0452354109997228,1.54756038487195,1.28126596028654,-0.37527924411762,-0.657937659211908,0.133923818915489,0.613648893352051,0.167156554321066,-1.70265935708973,0.500706546998247,0.0808627050406374,0.0595439338477825,0.564159970717805,-0.054341058900698,0.823980824887669,1.08614233996395,0,0,0,0,0,0,0,0,0,0,0,0,0,0,0,0,0,0,0,0,0,0,0,0,0,0,0,0,0,0,0,0,0,0,0,0,0
0.0320408565111626,-0.26630070097431,0.151901698542296,0.197737672139735,-1.51657011830817,0.715975458229128,-0.36071176579621,-0.228276802482749,0.595323555794952,-1.64389632478856,-0.365621523532054,0.131379480792635,-0.211572408358561,-0.527897525077841,0.256382170085284,0.110040745236993,-0.0175360937844693,0.267348639372336,-0.484543436660781,-0.45657669036967,-0.643380170687651,0.736766828939577,0.0187362083561693,-1.11273703327928,-1.030623334751,-0.0701659205602384,0.0856058883410097,0.404219032781379,0,0,0,0,0,0,0,0,0,0,0,0,0,0,0,0,0,0,0,0,0,0,0,0,0,0,0,0,0,0,0,0,0,0,0,0
0.140119522715919,0.963363015375918,-0.220109454413013,0.158798521635612,0.508912696056252,0.303019187643158,1.43151183286373,-1.64544391655245,0.422389275353668,0.402915191166136,0.606717727997687,0.62030291612765,-0.733778804723361,0.441015091224767,0.299346977853031,-0.408905612237602,0.242502728498266,0.517136491612157,-0.811772303758896,-0.638067009465785,0.770763357335561,0.0110708383199275,0.972437060389514,-0.398102850613307,0.643856212434852,-1.03668298563534,0.00725146496756852,-0.0719962645762944,-1.22548254859756,0,0,0,0,0,0,0,0,0,0,0,0,0,0,0,0,0,0,0,0,0,0,0,0,0,0,0,0,0,0,0,0,0,0,0
0.0142503819051501,-0.269458747372509,0.737347218384126,0.330326165542002,0.0838566395847781,-0.291246015780373,1.47585905189059,-0.320526813258253,0.0299948856269553,-0.0996067557981504,0.25679227638866,-0.775801341303435,-0.391387212777634,0.742865548094098,-0.834266558191634,0.0731482041136385,-0.304913440117677,-0.377074770677537,0.301226437179113,-0.0371687261835281,1.07112047154088,-1.14570205180507,0.353789778844991,-0.695940272067952,0.309976548451653,-0.535466158368555,-0.903120537653949,0.800559761869698,0.323620356968989,0.230245757061039,0,0,0,0,0,0,0,0,0,0,0,0,0,0,0,0,0,0,0,0,0,0,0,0,0,0,0,0,0,0,0,0,0,0
-1.03288772297048,-0.942147256711373,-0.961466090155587,-0.485160896202078,1.48844337367514,1.13077826682635,-0.000587377887971302,-0.533342469243107,-0.440754482290468,-0.283509339244153,0.244887295825363,0.0331691286365943,0.77159979593681,0.468128043751957,0.0255391480241315,-0.511536607894041,0.191345246104543,0.947684532375461,-0.00151282014133591,-1.3778396943183,-0.88662925920653,-0.831826769760083,1.13430344898875,0.511389504240531,1.09686241023069,-0.380140839249397,1.40133474846664,-1.46855344126892,-0.446339944702476,-0.128669118589243,-0.448328427751498,0,0,0,0,0,0,0,0,0,0,0,0,0,0,0,0,0,0,0,0,0,0,0,0,0,0,0,0,0,0,0,0,0
-0.326787249458863,-0.192250975067655,0.251923481100243,0.600533889798428,-0.757299667209897,-0.783077900449533,1.11090369856946,-0.150106892913413,-0.368599523742428,-0.125179963551485,0.0569447076464526,-0.788262367990724,0.732002017316829,1.2269000747508,0.0724407946554406,1.14882197803987,0.879104669119514,-1.2490078535653,-0.466595793951009,-0.32056827260646,-0.870727305537182,-0.799532388222099,0.10756805524846,1.23419107851279,-0.719569646374637,-0.532980202985879,0.375940344978427,0.442305183175312,-0.936116426432753,0.0958089288583285,-1.27581725326379,0.766660723068252,0,0,0,0,0,0,0,0,0,0,0,0,0,0,0,0,0,0,0,0,0,0,0,0,0,0,0,0,0,0,0,0
-0.819823685943109,0.00442746796545623,0.303716336527541,1.15822575604894,-0.0674725499579279,-0.96028032444858,0.619150475954735,-1.02499989807197,0.323720531181405,-0.582751451292251,0.560323061580361,-0.13886193767863,0.324406114880702,-1.42173049461729,0.893530001185845,0.850773076322125,1.52395113288999,-0.191202961728216,-0.547385358005383,-1.54764167731068,-0.0735189538348442,1.57542457391173,0.53745396031241,-0.433716385016779,-0.544014723813008,-1.02782335581133,0.159710115737312,-0.763089219741369,0.613744413391196,-1.04142247293395,-0.00739231406291881,-0.393211739694409,-0.477011173567162,0,0,0,0,0,0,0,0,0,0,0,0,0,0,0,0,0,0,0,0,0,0,0,0,0,0,0,0,0,0,0
-0.891208560091417,0.1950263106304,-1.10163964701344,0.772990656355952,-0.0459162132090161,-0.271695835746922,-1.24537180737131,1.00444882312823,1.08401512071946,-0.120281163171404,-0.168142844899463,0.598528707046118,0.273610292675408,-0.359194386551546,-1.15312291320147,-0.240871688767982,-0.529381903280075,-0.0159813353942097,0.781334678870935,-1.66068853400291,-0.648106623798928,0.87919658032051,0.487428076848346,0.802527900246296,0.31701288600316,-0.93577292733677,0.840525193094573,0.379937974803967,-0.451193453193317,0.262758625566445,-0.699699959550603,-0.204858508804369,-0.209130692266203,-0.794211807421586,0,0,0,0,0,0,0,0,0,0,0,0,0,0,0,0,0,0,0,0,0,0,0,0,0,0,0,0,0,0
0.349155037606157,0.256105185897499,0.718165250949472,0.454132633786982,-0.222142563020125,0.4800416428365,-0.362677787344218,-0.27415994242612,-1.20790618108332,0.0777684145414453,1.04852342304656,0.704908147590913,0.813227650982219,-0.552261813715466,-1.03042366500783,-1.54873576913833,0.208665782290288,-0.966152213243273,0.557841181239092,-1.18304972636637,-0.245637419550494,-0.404028120335924,-1.60858820461998,0.40875264614542,0.0505696821535596,-0.0929589234446741,0.772414306989491,-1.89955965705388,-0.951454504833668,-0.362181358726204,-0.351414331842073,-1.06723456188301,-0.823324140526438,-0.588001587454713,-0.0585978352072487,0,0,0,0,0,0,0,0,0,0,0,0,0,0,0,0,0,0,0,0,0,0,0,0,0,0,0,0,0
-0.542078523326397,-0.30972442448387,-0.0774157110784305,-0.761373722770629,-0.235953306331617,-0.506391268560429,0.0915068826878856,-0.65177279046432,-0.173232066436612,0.946273978079488,0.688755622466963,-0.449357294382964,-0.232875013325845,0.766434723059613,-0.645053455196736,0.027196088260424,0.623234624654304,-0.348736561592535,-1.19197976463046,0.594381006510222,-0.800819154796074,-1.85089761254325,-0.303338756140538,-1.70695536377764,0.369375090132951,-0.628238998798609,0.329485439325279,-0.425195223123299,-0.0874256991291411,0.578975157748908,0.625758700821142,0.367874099487634,-0.35165212930509,-0.812321869807591,-0.0362488809330978,-0.145943018405972,0,0,0,0,0,0,0,0,0,0,0,0,0,0,0,0,0,0,0,0,0,0,0,0,0,0,0,0
0.688901699023321,0.113284926439144,0.201014792928182,-0.399138266548286,0.482013499606994,-0.347358841163523,0.50976422631322,-0.372261432709305,0.472305085210559,0.0141993197391413,-0.135184095463762,0.74216081975638,1.11532491519931,-0.192278841086559,0.965176687487645,1.22998725896371,0.901441659798626,-1.13368542871358,-1.37453444478815,-0.101051670160055,1.66871259775461,0.455205214363146,-0.13962279954157,0.0748173453295423,-1.17800827181459,-0.0813887131061923,0.498466310894988,-1.07227715325264,-0.0173821572748637,0.0775991991139686,0.0449166577546429,0.0469726528221163,-0.619634516126657,0.143974404633329,1.16478364708605,0.597168787614794,-1.12199467486624,0,0,0,0,0,0,0,0,0,0,0,0,0,0,0,0,0,0,0,0,0,0,0,0,0,0,0
-0.00140239758885209,-0.145478904977819,0.797233871651582,-0.141354430705343,0.134103197679663,-0.0457386475039185,0.17816022277731,0.0643900806482576,0.157075290141463,1.57316619224418,-0.810291241265316,-0.0324583692981983,0.584857633466757,0.276491704252387,-0.420876748256658,-0.36302464931379,-0.452331660155795,-1.13481729496187,0.650226687229912,0.0816427809054092,0.726565402435168,-1.07357057914256,0.5929719961971,-0.937661646593054,-0.738375477876698,-0.34696733613719,-1.37280968629147,-0.190855088861204,0.832869650948799,0.116196593998982,0.279181028480998,-0.288780708831226,0.192360907981099,-0.240364718761904,0.11355007459877,0.979490554303938,-0.0882642732223862,-0.0880256518937853,0,0,0,0,0,0,0,0,0,0,0,0,0,0,0,0,0,0,0,0,0,0,0,0,0,0
0.596760212214439,0.125825275076982,0.776062281271026,-0.00829370170760212,0.330519876684254,1.28991382977713,0.788766570027681,-0.172716696994846,-0.247161431936418,1.40946758775681,-1.55353520084145,0.182956554586569,-0.256913425271773,-1.00901082162851,0.350217931977507,0.653384945411298,0.245308765762852,0.085338347449535,0.412840618202382,0.0172083542111778,0.681944284402319,1.05017255824801,-0.499801798631539,0.154244190627395,-0.224721238001915,-1.1720921841903,-0.559184360086098,1.09128386273913,0.146625637622582,-0.630226104220403,0.0355407341317084,0.926916664840482,-1.33344027953157,-0.13425897794816,-0.492976542231448,0.621322655417814,-0.448225450801551,0.501040221742728,-1.18998249320817,0,0,0,0,0,0,0,0,0,0,0,0,0,0,0,0,0,0,0,0,0,0,0,0,0
-0.228284050805924,0.92682076328079,0.286293826243603,0.429394491433572,1.17790894608544,-0.0407920194047366,0.450588931606745,-0.325832138025007,-0.944557306256628,-0.400840331927494,-0.335488674642563,-0.718487617411955,0.579249768422441,-0.00388971866139442,-0.0589682826918319,-0.285227612875245,-0.732294690566711,-0.185101435257999,0.23872136367012,0.369103910622814,0.152075551079716,-0.635435031503913,-0.44849451630783,0.646250684531797,1.48313770785771,-0.434206704328249,0.141544881834237,0.0948270295348949,-0.333465934970386,0.0998235251237577,0.230573774804202,-0.613024303981237,-0.074154020492603,0.165843944047507,1.20886506076952,-0.78198264016832,-0.234194084425113,0.0112642642910726,0.794102928396018,-2.30498373677092,0,0,0,0,0,0,0,0,0,0,0,0,0,0,0,0,0,0,0,0,0,0,0,0
0.125142324876227,0.170625558374543,0.60772717919032,-0.41795205971281,1.16543966532736,-0.385625892313046,0.855278261958977,0.514756785588635,0.139675422535446,-0.235369579174336,0.153715904711524,0.425540905201488,-0.525680574529018,-1.10048356451308,0.1455049009227,0.304590210815667,0.730089678080867,0.0203293743187825,1.05656743326541,-0.351980186975254,0.292140875430705,0.012993046147705,0.665452651150499,-0.845791217366143,-0.757173230657685,-0.471712156703413,0.627344402732188,0.360079483988971,1.17855678243625,-0.386722058256478,0.874289103786859,0.676362312683018,1.38210912754288,0.482934821472787,-0.28983954954623,0.229054689093784,-0.0349168171085642,-0.0773510976559689,-1.19333806361279,-0.1535916720799,0.950516523106783,0,0,0,0,0,0,0,0,0,0,0,0,0,0,0,0,0,0,0,0,0,0,0
-0.326549743702175,-2.08961284897963,-0.318524110219109,0.394023145683943,0.454437033576789,-0.549138942630787,-1.57173377467743,0.533853490564605,-0.869242456344716,1.11425913340574,-0.845533955379422,-0.45391219441998,-0.569326778485133,0.587183556841805,-0.372683487725095,0.922912932334795,-0.476679673960825,1.39659323592971,1.39046976008684,-0.0473435965631882,-0.698752507920436,0.187262317392315,-0.589606411056419,-1.22250540394884,-0.720635823479061,0.707605656017344,0.804998871503403,-0.330237259078839,0.359144523807863,0.0287601864419016,-0.973989814132317,0.661563389080718,-0.351072337988106,-1.02751160711069,0.204165642301516,-0.037116901582741,-0.384959830366455,-0.963418780897777,0.728187898770776,-0.35968347251167,0.133229994749929,-0.0308455212699152,0,0,0,0,0,0,0,0,0,0,0,0,0,0,0,0,0,0,0,0,0,0
0.655015990056773,0.4013015399476,-0.623597843096546,-0.0307758593398447,0.0252116131800323,0.480348683237586,-0.16584920686639,-0.134706989877612,0.382367518715371,0.934839170252206,-0.347033734298923,0.492279704092221,1.37532925084289,-0.850618912848188,-0.707358084114275,-0.383076214035284,-1.91939670361575,0.601065984703824,-0.13102723619357,0.186070562396687,-0.351244994363824,1.1829009601946,0.377320955006225,0.0797843910504876,0.912416516679147,1.26682121087752,-0.265927403236404,0.010780398689677,0.166551296532454,-0.463528535434041,1.15438004353498,-0.304654605966299,0.362294296318422,1.00035335579674,-0.622333664889763,0.192613000734467,-0.271891242474869,0.860752558838494,-0.453234910616135,-1.29717885521285,0.446026863263608,0.722620109328508,0.578647937618274,0,0,0,0,0,0,0,0,0,0,0,0,0,0,0,0,0,0,0,0,0
-0.773986803084596,1.00225552925215,1.10268334363386,-1.4530817080642,-0.63261676693821,0.364040650981653,0.434718438507402,1.09232207710949,-0.561460505103168,-0.638832978069278,-0.375612493504898,-1.36240426974612,0.334940238514571,-0.34862295640362,0.294149005863698,-0.340305815846291,-0.413957638663628,0.412653427429321,-1.00308836278631,0.458064926413174,0.136188747331351,0.67694131374088,0.700014075833206,-0.716888055631837,-0.073267987916158,0.148910259398872,-0.344929428089124,0.719065158223671,-0.774961446965935,-0.151558434839839,-0.378144794632218,0.830169868794188,0.0923718946041713,1.1346503315923,0.362338809031054,-0.350738673615491,-0.518998021001922,0.327628049907318,0.664618925663098,-0.141897461292463,0.0220855301169399,0.490267239854894,-1.33035591073813,-0.112269984375897,0,0,0,0,0,0,0,0,0,0,0,0,0,0,0,0,0,0,0,0
0.697000537395816,-0.713790181929584,-0.792862758144045,0.23341284127203,-0.429413857247742,0.294023164375775,-0.0433528154659294,0.519820775016838,-0.348013880090674,-0.985386994759832,-1.03002053603639,0.622572221216637,0.0182138701252865,0.0668741920612078,0.243524290100697,-0.906537487270901,-0.948628616504931,1.01474054829047,-0.559833457135918,0.291034664007752,0.206075677827999,0.203509721197536,-0.0863158895488424,-0.310436516527506,-0.0614606714175227,0.665608570383223,0.315824819284748,-0.733943373712243,0.481839369205903,0.0144861613414227,-0.324887003187915,-1.24931390602918,0.268648960434572,-0.844197857138037,-0.114930194144139,0.295336202990737,-0.544633519285446,0.342186443630861,-0.353598565846162,-0.645208136250732,-0.968552008472633,-0.437958529812131,-0.845654544293842,0.0939028721151144,0.871568144590356,0,0,0,0,0,0,0,0,0,0,0,0,0,0,0,0,0,0,0
0.104088542761869,0.228391895938541,-1.61748377663624,-1.31643872662688,0.462319777773517,1.26549943441215,-1.56035265643093,-0.00800425977738911,-0.299649492486013,-0.325680081422394,-1.56938604198629,-0.552593728481304,-0.543444426918431,0.824010887427279,0.0172630738891981,-0.0762996450080164,-0.312478565832786,0.111398714743779,-0.570830524500024,0.470696531245062,0.374066038065615,-0.284040241613397,-0.22446278415718,-1.3102185729865,-1.62171387687697,-0.475874949918013,0.14386962730885,0.308763500343945,-0.728336179142141,0.234396393735816,-0.720155051910883,-0.135714331134511,-0.599830116159405,-0.127392119184146,-0.901446550119028,0.190654646261281,0.201777978632227,-0.615600227612805,0.260614684906171,-0.331907669142175,0.143309562946585,0.537591925931028,-0.237293156461981,0.108729860912871,0.475944959090431,-0.157412834004757,0,0,0,0,0,0,0,0,0,0,0,0,0,0,0,0,0,0
-1.18638697110436,-0.854283061682116,-1.4506141088476,0.238200863748537,0.137886606579096,0.730582520979424,-0.612514665080628,0.999634431924045,-1.27110443853106,0.515854325150482,0.158449319019825,-0.0267074047772546,-0.41849814882825,-0.0446648488157199,0.892412699092561,-0.534487285928215,-0.147844853632681,-0.00708117791980035,0.306920986744884,1.14740333827308,0.553033253156455,-0.171444418174327,0.451418558809756,-0.131632094763813,-0.411705392789364,-0.154389563872457,0.411619623256473,0.135442858024236,0.0324078498748209,-0.0666529856740911,-0.622275511041913,0.012753026742696,0.0798770168600858,0.0602241092094429,-0.407623954750541,-0.981510212552561,-0.723553937827077,-0.0840852660592478,-0.38946637243509,-0.155365024922098,0.665830068939346,0.253378191892954,1.39199750224618,-0.293826150632679,0.773254963638764,-0.339181874227095,0.575847697416975,0,0,0,0,0,0,0,0,0,0,0,0,0,0,0,0,0
0.206540896882946,-0.0177735043630142,-0.219419250301306,-0.0618608747406011,-0.488162189866987,0.0440893301639115,1.13841225071952,-0.00621733625858649,0.141430104755886,-0.347235585738542,1.69777204988086,0.0877671360945977,0.0413896519068391,0.218096112271641,1.19617157932873,-1.00547191764388,-0.544887318024229,0.814017709104517,0.0782938148661426,1.02549729102175,0.0472162945587447,0.087040127105179,-0.729380845472676,1.18660043011549,0.924685963408943,-0.191008731002516,-0.328364050931905,-0.395006077870322,0.123872687550672,-0.643129038852658,0.449402617496314,0.161933209832207,0.682278765792116,-0.343226422531301,-0.123155084912372,-0.0412005960328457,0.63999196199387,0.26278648178785,0.874252261816243,-1.02652621008182,0.219342292680309,0.240368588290917,-1.29246049681324,-1.10455067910934,1.44551814200962,0.153596515976617,-0.68599875244705,-0.177218001326641,0,0,0,0,0,0,0,0,0,0,0,0,0,0,0,0
-1.52422954628956,-1.35325740198699,-0.389630545062621,0.384189950147405,1.22189875833145,-1.4392625414238,-0.912441212403178,-0.584696403823838,-1.05387367336584,0.98470660845895,-0.662280327627219,-0.202850006838878,-0.0755211410790492,-0.73265647267637,-0.613698571649087,-1.45132576065173,-0.711066766543352,-0.65962327961945,-1.02238736219809,0.284963723295711,-0.713019890080513,0.925748656816475,1.15941716395235,-0.0901203260551908,-0.17633619876982,-0.0715478703363837,-0.220799621706086,-1.15618809227739,-0.422072603380759,0.561198181750566,-0.655843073107255,-0.407115903665073,-0.577653097934661,0.303898785527922,-0.21844922097226,-0.139902559506463,1.01923448732785,0.433289404923265,-0.173099561933662,0.284368833607389,1.04413110123065,1.38267678483498,-0.316264938016944,-0.936334553104691,-0.433410962228398,0.462300102826181,0.235905602329152,0.739632407975302,0.704776636129707,0,0,0,0,0,0,0,0,0,0,0,0,0,0,0
-0.340991430729532,0.647595512112113,-0.794919330587313,-0.295274969950408,0.792720280488083,1.71665070478563,0.0400406404920022,-0.851819213355136,-0.626702672382579,-0.708040465711454,0.0844562747240769,1.11931570777243,0.941577985019308,-0.394660250200242,-1.01890040073848,-0.440034323140935,-0.713966747617459,-0.0714162374534448,-0.47700071801264,0.673537369473262,0.247161473092339,-0.584755989873513,-0.205398487076235,0.406640191507962,1.27680271360567,0.11343492475953,0.293460856166835,-1.09051942128098,-0.910442247656732,-0.8715696208315,0.722031616161832,0.670715244375538,0.783913643692301,0.168326606497506,1.1722242484039,-0.719831309598718,0.0211150079156258,0.0499916993924965,0.617254333165617,0.712527157737309,-0.795653439128989,-0.149645151097278,1.82785791674458,-0.194018301564085,0.401949307607411,-0.585973040088267,0.251259786991352,0.312760954993165,0.456375512963057,1.11664540766537,0,0,0,0,0,0,0,0,0,0,0,0,0,0
0.867676959645315,0.506241612408142,-0.374975402452143,-0.271817467876803,0.820681629706937,0.848548012240721,0.00272512337798692,-1.62177935153658,0.369340461781714,1.57393240245063,-0.560084492409149,-0.419836394376132,1.52204882362948,0.0882889928364402,0.903174329354423,0.043631129827609,0.303251748440157,-0.357409016413043,-0.532817545450363,0.0768651496790986,-0.567589665054845,0.261594256650763,-0.644138709452812,0.415944359341821,-0.0262205661496826,-0.681838126056582,-0.876648337058827,-1.26152040554789,-1.46874660843142,1.55621357526381,-0.440928577118197,0.126730847040923,-1.54892146025132,-0.0845028754037773,-0.601873034076374,2.08172668541148,-1.12428224288141,-0.272279898805662,-0.805730667037241,0.114720191911154,-0.343434409296694,-0.708259505374993,0.288540698265869,0.787327752942668,-0.482923298012657,-0.0374525951857501,0.102853166404821,-0.883156049267581,0.264544515084976,-0.0585744411759223,0.301722945509339,0,0,0,0,0,0,0,0,0,0,0,0,0
-0.139472467036079,0.358609560419547,0.734187947245833,1.25797638629213,0.576948644733397,0.451060654632843,-1.12980818129846,-1.96869717282774,0.111471369152446,0.359258216878639,1.28403837976426,0.327860631121396,1.24456737987494,0.0190407843614896,0.140765102745709,-0.43079863812472,-0.552208505649691,0.0922308881171945,1.70467299253737,0.349850493441612,-0.423665836688629,-0.626551428657604,0.206767711079404,0.125891579851903,-2.11627989303795,0.955313186635054,-0.525065377530846,0.656751304280844,0.903586587377322,0.559360402627292,0.820255726310346,-0.518870600758308,-1.15072195219106,-0.264651817975705,0.162059353557046,0.271073438579897,0.70776821159047,-0.520472811854489,0.820167812571504,-0.611624568901091,0.0359122022267496,-0.685459592118352,0.426823356099408,0.272940526483476,-1.77707097705722,0.865550447494466,-0.0426777886628847,0.63206519241512,-0.145850782290052,1.12628391233037,-1.35759073563421,-0.955317049625622,0,0,0,0,0,0,0,0,0,0,0,0
0.252596606383201,0.805084623264967,-0.0696751980234696,0.21954623972011,0.175258329862015,-0.291246144934858,-0.0283364650689012,0.481467541539316,0.330015396036091,1.0323180453909,-0.103121111792672,0.280177922330436,-0.461986499211246,0.103312524991625,0.648129916576319,-0.127132165826135,0.509531360126808,0.0956601569841856,-0.516116690374163,0.358412341208489,-0.219510392263757,-0.987878100681573,-0.450250199836103,0.134892349203559,0.653350541829934,0.626836657096396,-0.581269122772393,-0.104288126026961,0.935942076342998,0.11352590303166,0.124647528855267,-0.0718434709459741,1.43908649841037,0.215972062323386,0.175709562088858,0.0990293160280885,0.277841484352772,-0.103824268145451,-0.181858126507715,-0.198728852424431,0.490705992219579,-0.136484453604268,-0.966655502929184,0.335245179218841,-1.21798014271598,-0.715316828949511,-0.0136034513968259,0.0409153426047856,-0.08586004951769,-0.00667293363371083,-0.957188765183839,0.322955789604413,-0.00825549022042847,0,0,0,0,0,0,0,0,0,0,0
0.465205515398136,1.15069679620781,-1.07871435161405,-0.0223531778798727,1.03126236673776,0.848420071363902,0.00839887178435394,0.331803968059829,1.85232083261868,1.64879842878821,-1.11788358651097,-0.0353994389930992,0.0902540750313103,-0.96187156020867,1.07562004897772,0.630093627257388,-0.0405939374219674,-0.339747313211137,0.0651384499375438,-0.177156066190299,-0.473206206767627,0.714902789838792,0.586519639714397,-0.370031007188544,0.727685827224059,0.468971410472434,-0.225134729387096,0.334433791498377,0.378126390744264,0.0217378144319275,-1.05962975579097,0.0340298160137664,-0.16996215694239,-0.908365285718489,1.64425938167464,1.82976270908624,-0.467060161382832,0.244091377932855,-0.340740910344937,-0.0181313580833121,-0.324883114639932,-1.29111762941343,0.121496101617179,0.642330422960123,-0.844876900329245,0.0940949875901513,0.493275224101671,0.758817163784791,0.880469744428524,0.369273989436503,1.45591919839701,-0.47845906592609,-0.228760170594294,-0.238801290801729,0,0,0,0,0,0,0,0,0,0
0.835484206724471,-0.543711889845189,-0.0169804913467689,1.22971726455714,-0.396654632363781,0.503490639652103,-0.182399140742858,0.960902119602743,0.116784195718162,-1.11872855475502,-1.16317643260504,0.829703375504087,-0.289721088477244,-0.224296966383942,0.553118379347518,0.472726942260813,0.535684452352531,0.51177664386229,0.356680484022524,0.434501409479335,0.359857830587164,-0.477440774064836,-0.0499900027566516,-0.976963168428862,0.348054819758348,0.797292120830376,-0.442817890637355,-0.657566709110354,-0.481787725692518,-0.419907256046127,-0.0993947930227748,-0.9129791896775,0.148548253590851,0.18760441130345,1.89088246614048,-0.71383442575335,-0.618294747589332,1.05483349559741,-0.232623382124964,-1.04133664783623,0.769424269874179,0.291888198082868,0.307849422834612,0.240567674993913,0.244144552618145,0.207046204432976,0.546998055750281,-0.380832414475096,0.373404345051856,-0.144365149525107,0.0398243492702043,-1.58899422124933,0.623124620043568,0.255890018225742,-1.15988873778823,0,0,0,0,0,0,0,0,0
0.220979841163332,-0.222818598198818,-0.701951718930534,0.431900000120303,0.278971744159698,-0.383703823565195,-0.614559986402183,0.0386706413159003,0.0226036863548245,-0.353493810283259,0.294823291095847,-0.545051514907648,-0.613654324891724,0.163470543133103,-0.849921860447481,-0.273957271777664,-0.389602374374651,0.221554373476183,-0.329073577421201,0.67505947634172,0.248872841670365,-0.534298322837555,-0.33165389402218,1.07204578302402,-1.45447277036956,0.162500136619168,0.145202787891758,-0.7891409582701,-1.90218083706655,-0.339691787894223,0.17504708429258,0.459285966004891,-0.0504457632914489,-0.563911398688353,0.31703483633513,1.63913596381521,-0.0772810174618751,-0.281735438451966,-1.00463323669866,-1.56407949089996,-0.0415918558798555,-0.0444585263486325,-0.799537392102261,0.182624075386814,-1.05117015924617,0.580153941621067,-0.64193982958911,0.2303878124653,0.289894124935439,-0.605207313562749,-0.552994969405024,1.27865494710784,-0.153605266342131,0.0573805718085331,0.130536896081489,-0.239918158572008,0,0,0,0,0,0,0,0
-0.874742727656516,1.35652173610226,0.811624076272524,0.164694089151498,-1.20951580157946,-0.287508352865188,0.760994936244552,0.981067529526323,-1.40825470153105,-1.08573949584057,-0.727472077381474,0.873553541847963,-0.473840378322477,-0.0443921290328209,-0.0505849371820496,-0.234530872199251,0.834239965302872,0.354012888547815,-0.566989388953072,0.718538923406704,-1.43395980980782,-0.374087847175623,-0.0251479632914082,-0.355343141050134,-0.489695523670432,-0.673912450654772,-0.677206618892951,-1.28375492919255,1.02918545227546,0.213394018312841,0.545166106018981,1.27852024901327,-0.768846868321087,0.391399778560112,-0.183083620384264,0.461410459134179,0.0699520553554856,-0.101358293489263,0.779672802116805,0.443332697415579,-0.540680580768932,0.317758649280377,-0.242135266675507,0.619660063214151,0.143975808542641,-0.416994923675096,-0.194168811256645,-0.723604524667463,-1.16594989355731,0.104276137506315,0.333503552416663,0.738102859378447,-0.100300240821408,1.26832052931192,-1.14246142507912,0.284914751483891,0.53219388111368,0,0,0,0,0,0,0
-0.0758954681287303,-0.882922353909182,-0.0141808366008761,0.304733440530961,0.455748076929185,-0.543260048084957,1.10197376467174,0.59449311085645,-0.659781174607327,-0.233656641196926,-0.58798858385534,-0.172505959829487,-0.50782061094294,0.947804956871217,0.342858242948911,0.334986521535537,-0.33610652339242,-1.11630841656069,-1.62339523342705,1.02152662069051,0.699647637917951,-0.0634917273918971,1.21448822516189,0.314353951847902,-0.270702062141402,-0.531130680180735,1.08496515073931,-0.806268266329871,-1.32168488055924,0.391308309828903,-0.584442394030933,0.649993822306213,-0.377501025951569,1.009424526026,-0.329021339530512,0.469142992881443,1.47237610776172,0.970145763574816,-0.591828615451299,0.319492837660649,0.23643435508064,1.34646960289723,-0.279735663335659,-0.50683816106155,0.639585078889235,0.621250877000087,-0.463912896322872,0.115707909505508,0.255269429722441,-0.426528768714,-0.565106798039604,-0.456110278685113,-0.509872647679728,-0.597690315342708,-0.286045792680824,-1.3016286033293,-0.260870926040451,1.05021070161456,0,0,0,0,0,0
0.135841631729261,0.611665596021465,1.65534587356439,0.444302941804318,-0.8142933077491,0.133896667568384,1.80834460924278,0.669121734599143,-0.494840100736939,-1.04450537701952,-0.38350688511535,-0.516486987444295,-0.403407533312786,0.418520132435338,0.201009442187336,0.276188862366387,-0.706067057310929,-0.234634302118985,-0.094759722572397,0.298897072213714,0.343479699675766,-0.0729406900493137,-1.54169139075184,0.389986073558469,0.206935762550131,-0.706019546223519,-0.276903040565878,-0.463039763781696,0.371699267367527,-0.384096829689672,-0.256645588514308,-0.638650614739569,0.326775507826929,-1.11066293005446,-0.0319302907901284,0.292944494666336,0.341343560985036,0.323321251526593,-0.640333551504967,0.720865818336552,-0.403775097442358,-0.694302765897996,0.30709353779707,0.947511141257025,-1.24407929943152,0.635845885158278,-0.451047038934143,-0.0431440447697851,0.981529347157854,-0.855137149888265,-0.139412256337074,0.300539558021321,0.929231023961505,-0.326174438133547,-0.68233504768333,-0.320697232818789,-0.0856738248598709,-0.15132900873057,0.941721209785842,0,0,0,0,0
0.219270207636304,0.438229087830177,-0.140647079632724,0.726744637407888,-0.537361871232683,-0.355295372264069,0.738485771256151,0.571668937210858,0.952071394589732,-0.115993319994878,0.590290441988852,-0.330158217702165,0.133081810237907,-0.0977428756417996,-0.192146490746557,1.27843542155677,-0.199827132842475,0.393481524254892,-0.412851896908487,0.217527036665632,0.935985493799119,0.521179205010492,-0.6973946825651,-1.20200800021598,0.341152829813955,-0.526124453102629,1.66446638443351,1.3947485232481,0.368090138802399,0.000340203247623124,0.436927858719812,0.175419096911566,0.362957142778923,0.581623154587835,-0.488942868367418,-0.412715656571665,-0.433643519121012,0.542739887315838,-0.326517497316196,-1.18311280306987,-0.113132221858179,0.893255277976553,-1.50968954918478,-0.647209975266954,0.446902358679402,0.68054678117483,-0.0338500179205433,0.040836294133516,0.670915518785631,0.42189015541276,0.0824971075797518,0.877747940936536,-0.865145550833278,-0.881166421888443,-0.0330235165698984,0.927523289915092,0.162671900770843,-0.11264683842218,1.14150598052435,0.420807178048214,0,0,0,0
0.971524376875635,-0.185387394812196,0.285995389175761,-0.289550718617166,0.159268178661542,0.267118860039592,0.151591981864461,0.00341149312994486,0.152905020074181,0.52342625109757,0.0935482213328012,0.656388243571234,-1.29121300551922,-0.362634743075405,-0.410923049272492,0.535506198176843,0.714427371074158,-0.276543536746797,0.804576456146904,0.859573260766675,-0.875476422081354,0.604142228167253,-0.551749812703097,0.448938988273301,-1.74011968682461,-1.34417415710629,0.095485544075012,2.10513905582051,0.224307244070808,0.0384689352132159,0.177902216205711,0.29364111147624,0.660145345273159,0.665339475010579,-0.902903097221388,-0.341808497211417,0.292617136719554,-0.738389808871898,0.239912436759557,-0.0864144893929933,-0.0465666851615821,1.14828890997515,1.05498107820445,1.16819867905457,-0.303326014830743,0.52493422044109,0.324096308454696,0.908448292127385,-0.537958737522045,-0.144085936013149,0.613952321917459,-1.03935187969389,0.976969342446894,0.420013860872166,0.0175951463050131,-0.327464184205383,0.142544279268191,-0.221406876452974,0.114079321383428,-0.435159353719657,-0.412261505778872,0,0,0
-1.04133801313767,0.383229358829734,0.833746472314807,0.543271565237777,-1.13440652932752,0.99063950478979,1.44061382148504,-0.282983357526012,-0.786907257634872,0.616201011639488,-0.47927654408988,-0.97455306928622,-0.310312118206748,0.518969818539487,-0.93544399071872,-0.164875936683892,0.11208866406422,0.681025827527399,0.641905534461706,0.30211807132749,-0.309435673467969,0.416397745698985,0.0323523758161691,0.1645560732207,-0.933654242844161,-0.703221529520229,0.0282513117019992,0.0567253951909212,1.2535843805871,-1.67621344509459,-0.425448066961173,-0.629580258275369,1.46443507698662,0.128095257540934,0.767650404280499,-0.623068614218662,-0.252044884275581,1.3767891298533,-0.257676981810433,0.282320355881995,1.33786144276845,1.41808324791295,-1.24807130600774,0.757746558696694,-0.928747993215329,-0.0364779012178932,-1.66798016756194,-0.834706947252758,0.136309891477861,0.14248337696559,-0.656261236407935,-0.591847666678056,0.540332838824155,0.509120519066164,-0.0835689673254847,0.239189894867447,-0.249101951819281,-0.355045357599973,0.612137923237675,-0.207742219928953,0.956925270197173,0.32071253974689,0,0
0.825845551482171,-1.18532287190535,1.78519986778777,-0.541982697286338,1.10098006774051,0.030410752363492,-0.533004618932548,-2.00459649377787,0.198282052036053,-0.368285537244829,0.010305129128398,0.99383358568308,-0.494035036004879,-0.187916322821732,0.76136048090681,0.727453103551665,-0.309957272473679,-0.0143336047882812,0.466236394101939,0.0979387118514154,0.305094571280795,0.198535245484395,-0.282908357219522,-1.29360361333083,-0.935282011597995,1.13929820586737,-0.336474809390205,-0.0175622557100009,-0.0155098415486325,-0.584341354519479,-0.49961449797191,-0.0943312231886765,-0.667877292437627,-0.0222391769414618,-1.3484117312991,0.466211968293122,0.529892976970597,-1.80988049689637,0.71888928550998,-0.685303067468595,-0.457576756663559,0.0882610447917148,1.65175664170278,1.6310008646716,-0.324492432439791,1.04840319005311,-0.498322358228024,-0.0171498500049009,0.507080428804945,-0.524982909115535,0.39446272787769,0.427953010934995,-0.621720565701266,0.624240662372414,0.0474867920422503,0.884311492028277,-0.122357349978075,0.44118686936393,0.574612986269087,0.634924632101881,0.354030467496442,-0.396801674724006,-0.632148887576029,0
